{"name":"5c4d1abf-1917-46ca-9300-1bec5f9bf0b9","id":"/providers/Microsoft.Flow/flows/5c4d1abf-1917-46ca-9300-1bec5f9bf0b9","type":"Microsoft.Flow/flows","properties":{"apiId":"/providers/Microsoft.PowerApps/apis/shared_logicflows","displayName":"Feedback Sentiment Analysis","definition":{"metadata":{"workflowEntityId":null,"processAdvisorMetadata":null,"flowChargedByPaygo":null,"flowclientsuspensionreason":"None","flowclientsuspensiontime":null,"flowclientsuspensionreasondetails":null,"creator":{"id":"2e3c389b-3a5d-4967-b967-7876fb090ced","type":"User","tenantId":"84c31ca0-ac3b-4eae-ad11-519d80233e6f"},"provisioningMethod":"FromDefinition","failureAlertSubscription":true,"clientLastModifiedTime":"2025-04-20T05:59:46.6597764Z","connectionKeySavedTimeKey":"2025-04-20T05:59:46.6597764Z","creationSource":"Portal","modifiedSources":"Portal"},"$schema":"https://schema.management.azure.com/providers/Microsoft.Logic/schemas/2016-06-01/workflowdefinition.json#","contentVersion":"1.0.0.0","parameters":{"$authentication":{"defaultValue":{},"type":"SecureObject"},"$connections":{"defaultValue":{},"type":"Object"}},"triggers":{"When_an_item_is_created":{"recurrence":{"interval":1,"frequency":"Minute"},"splitOn":"@triggerOutputs()?['body/value']","type":"OpenApiConnection","inputs":{"parameters":{"dataset":"https://stdntpartners.sharepoint.com/sites/TestPowerAutomate","table":"89686e90-397c-4f00-9c47-22e7fc6b96e1"},"host":{"apiId":"/providers/Microsoft.PowerApps/apis/shared_sharepointonline","connectionName":"shared_sharepointonline","operationId":"GetOnNewItems"},"authentication":"@parameters('$authentication')"}}},"actions":{"Analyze_Sentiment_of_Feedback_Text":{"runAfter":{},"type":"OpenApiConnection","inputs":{"parameters":{"subdomain":"autoFilledSubdomain","input/documents":[{"id":"@triggerBody()?['ID']","text":"@triggerBody()?['FeedbackText']"}],"stringIndexType":"TextElement_v8"},"host":{"apiId":"/providers/Microsoft.PowerApps/apis/shared_cognitiveservicestextanalytics","connectionName":"shared_cognitiveservicestextanalytics","operationId":"SentimentV4"},"authentication":"@parameters('$authentication')"}},"Update_SharePoint_List_Item":{"foreach":"@outputs('Analyze_Sentiment_of_Feedback_Text')?['body/documents']","actions":{"For_each_1":{"foreach":"@outputs('Extract_the_key_phrases_from_text')?['body/responsev2/predictionOutput/results']","actions":{"For_each_3":{"foreach":"@outputs('Analyze_Sentiment_of_Feedback_Text')?['body/documents']","actions":{"For_each_2":{"foreach":"@items('Update_SharePoint_List_Item')?['sentences']","actions":{"Update_item":{"type":"OpenApiConnection","inputs":{"parameters":{"dataset":"https://stdntpartners.sharepoint.com/sites/TestPowerAutomate","table":"89686e90-397c-4f00-9c47-22e7fc6b96e1","id":"@triggerBody()?['ID']","item/Date":"@triggerBody()?['Created']","item/SentimentSxome":"@items('For_each_2')?['confidenceScores/positive']","item/NegativeSentimentScore":"@items('For_each_2')?['confidenceScores/negative']","item/NeutralSentimentScore":"@items('For_each_2')?['confidenceScores/neutral']","item/KeyPhrases":"@items('For_each_1')?['phrase']"},"host":{"apiId":"/providers/Microsoft.PowerApps/apis/shared_sharepointonline","connectionName":"shared_sharepointonline","operationId":"PatchItem"},"authentication":"@parameters('$authentication')"}}},"type":"Foreach"}},"type":"Foreach"}},"type":"Foreach"}},"runAfter":{"Extract_the_key_phrases_from_text":["Succeeded"]},"type":"Foreach"},"Extract_the_key_phrases_from_text":{"runAfter":{"Analyze_Sentiment_of_Feedback_Text":["Succeeded"]},"metadata":{"flowSystemMetadata":{"portalOperationId":"aibuilderpredict_keyphraseextraction","portalOperationGroup":"aibuilder","portalOperationApiDisplayNameOverride":"AI Builder","portalOperationIconOverride":"https://content.powerapps.com/resource/makerx/static/pauto/images/designeroperations/aiBuilderNew.51dbdb6b.png","portalOperationBrandColorOverride":"#0A76C4","portalOperationApiTierOverride":"Standard"}},"type":"OpenApiConnection","inputs":{"parameters":{"item/requestv2/language":"en","item/requestv2/text":"@triggerBody()?['FeedbackText']","recordId":"c8425db7-c5a7-4226-b38e-c93a044c0fe1"},"host":{"apiId":"/providers/Microsoft.PowerApps/apis/shared_commondataserviceforapps","connectionName":"shared_commondataserviceforapps","operationId":"aibuilderpredict_keyphraseextraction"},"authentication":"@parameters('$authentication')"}},"Post_message_in_a_chat_or_channel":{"runAfter":{"Update_SharePoint_List_Item":["Succeeded"]},"type":"OpenApiConnection","inputs":{"parameters":{"poster":"Flow bot","location":"Chat with Flow bot","body/recipient":"Nandan.Vallamdasu@studentambassadors.com","body/messageBody":"<p class=\"editor-paragraph\">Form with id @{triggerBody()?['ID']} has been updated.</p>"},"host":{"apiId":"/providers/Microsoft.PowerApps/apis/shared_teams","connectionName":"shared_teams","operationId":"PostMessageToConversation"},"authentication":"@parameters('$authentication')"}},"Send_an_email_(V2)":{"runAfter":{"Update_SharePoint_List_Item":["Succeeded"]},"type":"OpenApiConnection","inputs":{"parameters":{"emailMessage/To":"Nandan.Vallamdasu@studentambassadors.com","emailMessage/Subject":"List Updated","emailMessage/Body":"<p class=\"editor-paragraph\">Form with id @{triggerBody()?['ID']} has been updated.</p>","emailMessage/Importance":"Normal"},"host":{"apiId":"/providers/Microsoft.PowerApps/apis/shared_office365","connectionName":"shared_office365","operationId":"SendEmailV2"},"authentication":"@parameters('$authentication')"}}},"outputs":{}},"connectionReferences":{"shared_sharepointonline":{"connectionName":"shared-sharepointonl-ca92cc04-3638-4950-b7e0-9a863f49c7c4","source":"Embedded","id":"/providers/Microsoft.PowerApps/apis/shared_sharepointonline","tier":"NotSpecified","apiName":"sharepointonline"},"shared_cognitiveservicestextanalytics":{"connectionName":"shared-cognitiveserv-f43d9769-52b8-46a4-b090-198776e755e0","source":"Embedded","id":"/providers/Microsoft.PowerApps/apis/shared_cognitiveservicestextanalytics","tier":"NotSpecified","apiName":"cognitiveservicestextanalytics"},"shared_commondataserviceforapps":{"connectionName":"shared-commondataser-83feb396-a77e-4126-941e-95510e922f7c","source":"Embedded","id":"/providers/Microsoft.PowerApps/apis/shared_commondataserviceforapps","tier":"NotSpecified","apiName":"commondataserviceforapps"},"shared_teams":{"connectionName":"shared-teams-e66dfe5e-2f20-40b0-a415-70d2ac830adf","source":"Embedded","id":"/providers/Microsoft.PowerApps/apis/shared_teams","tier":"NotSpecified","apiName":"teams"},"shared_office365":{"connectionName":"shared-office365-5cee5a80-4c0b-49a1-b31b-345439b40e0f","source":"Embedded","id":"/providers/Microsoft.PowerApps/apis/shared_office365","tier":"NotSpecified","apiName":"office365"}},"flowFailureAlertSubscribed":false,"isManaged":false}}